field,source,current use,reason blocked,what permission/review would unblock it
RISE_ID,FREIDA-derived canonical workbook,INTERNAL_FULL_RISE only,No written source-owner display/database grant is present; row-level provenance is FREIDA.,Written source-owner authorization or independent field re-verification from a rights-safe source with a recorded rights decision.
Specialty,FREIDA-derived canonical workbook,INTERNAL_FULL_RISE only,No written source-owner display/database grant is present; row-level provenance is FREIDA.,Written source-owner authorization or independent field re-verification from a rights-safe source with a recorded rights decision.
Program Name,FREIDA-derived canonical workbook,INTERNAL_FULL_RISE only,No written source-owner display/database grant is present; row-level provenance is FREIDA.,Written source-owner authorization or independent field re-verification from a rights-safe source with a recorded rights decision.
Institution,FREIDA-derived canonical workbook,INTERNAL_FULL_RISE only,No written source-owner display/database grant is present; row-level provenance is FREIDA.,Written source-owner authorization or independent field re-verification from a rights-safe source with a recorded rights decision.
Hospital,FREIDA-derived canonical workbook,INTERNAL_FULL_RISE only,No written source-owner display/database grant is present; row-level provenance is FREIDA.,Written source-owner authorization or independent field re-verification from a rights-safe source with a recorded rights decision.
City,FREIDA-derived canonical workbook,INTERNAL_FULL_RISE only,No written source-owner display/database grant is present; row-level provenance is FREIDA.,Written source-owner authorization or independent field re-verification from a rights-safe source with a recorded rights decision.
State,FREIDA-derived canonical workbook,INTERNAL_FULL_RISE only,No written source-owner display/database grant is present; row-level provenance is FREIDA.,Written source-owner authorization or independent field re-verification from a rights-safe source with a recorded rights decision.
Zip,FREIDA-derived canonical workbook,INTERNAL_FULL_RISE only,No written source-owner display/database grant is present; row-level provenance is FREIDA.,Written source-owner authorization or independent field re-verification from a rights-safe source with a recorded rights decision.
Region,FREIDA-derived canonical workbook,INTERNAL_FULL_RISE only,No written source-owner display/database grant is present; row-level provenance is FREIDA.,Written source-owner authorization or independent field re-verification from a rights-safe source with a recorded rights decision.
ACGME ID,FREIDA-derived canonical workbook,INTERNAL_FULL_RISE only,No written source-owner display/database grant is present; row-level provenance is FREIDA.,Written source-owner authorization or independent field re-verification from a rights-safe source with a recorded rights decision.
NRMP Code,FREIDA-derived canonical workbook,INTERNAL_FULL_RISE only,No written source-owner display/database grant is present; row-level provenance is FREIDA.,Written source-owner authorization or independent field re-verification from a rights-safe source with a recorded rights decision.
Program Website,FREIDA-derived canonical workbook,INTERNAL_FULL_RISE only,No written source-owner display/database grant is present; row-level provenance is FREIDA.,Written source-owner authorization or independent field re-verification from a rights-safe source with a recorded rights decision.
Residency Explorer URL,FREIDA-derived canonical workbook,INTERNAL_FULL_RISE only,No written source-owner display/database grant is present; row-level provenance is FREIDA.,Written source-owner authorization or independent field re-verification from a rights-safe source with a recorded rights decision.
FREIDA URL,FREIDA-derived canonical workbook,INTERNAL_FULL_RISE only,No written source-owner display/database grant is present; row-level provenance is FREIDA.,Written source-owner authorization or independent field re-verification from a rights-safe source with a recorded rights decision.
Program Type,FREIDA-derived canonical workbook,INTERNAL_FULL_RISE only,No written source-owner display/database grant is present; row-level provenance is FREIDA.,Written source-owner authorization or independent field re-verification from a rights-safe source with a recorded rights decision.
University Affiliated,FREIDA-derived canonical workbook,INTERNAL_FULL_RISE only,No written source-owner display/database grant is present; row-level provenance is FREIDA.,Written source-owner authorization or independent field re-verification from a rights-safe source with a recorded rights decision.
Community,FREIDA-derived canonical workbook,INTERNAL_FULL_RISE only,No written source-owner display/database grant is present; row-level provenance is FREIDA.,Written source-owner authorization or independent field re-verification from a rights-safe source with a recorded rights decision.
Hybrid,FREIDA-derived canonical workbook,INTERNAL_FULL_RISE only,No written source-owner display/database grant is present; row-level provenance is FREIDA.,Written source-owner authorization or independent field re-verification from a rights-safe source with a recorded rights decision.
Teaching Hospital,FREIDA-derived canonical workbook,INTERNAL_FULL_RISE only,No written source-owner display/database grant is present; row-level provenance is FREIDA.,Written source-owner authorization or independent field re-verification from a rights-safe source with a recorded rights decision.
Program Status,FREIDA-derived canonical workbook,INTERNAL_FULL_RISE only,No written source-owner display/database grant is present; row-level provenance is FREIDA.,Written source-owner authorization or independent field re-verification from a rights-safe source with a recorded rights decision.
Last Verified,FREIDA-derived canonical workbook,INTERNAL_FULL_RISE only,No written source-owner display/database grant is present; row-level provenance is FREIDA.,Written source-owner authorization or independent field re-verification from a rights-safe source with a recorded rights decision.
Source Confidence,FREIDA-derived canonical workbook,INTERNAL_FULL_RISE only,No written source-owner display/database grant is present; row-level provenance is FREIDA.,Written source-owner authorization or independent field re-verification from a rights-safe source with a recorded rights decision.
Program Director,FREIDA-derived canonical workbook,INTERNAL_FULL_RISE only,No written source-owner display/database grant is present; row-level provenance is FREIDA.,Written source-owner authorization or independent field re-verification from a rights-safe source with a recorded rights decision.
Program Director Credentials,FREIDA-derived canonical workbook,INTERNAL_FULL_RISE only,No written source-owner display/database grant is present; row-level provenance is FREIDA.,Written source-owner authorization or independent field re-verification from a rights-safe source with a recorded rights decision.
Associate Program Director 1,FREIDA-derived canonical workbook,INTERNAL_FULL_RISE only,No written source-owner display/database grant is present; row-level provenance is FREIDA.,Written source-owner authorization or independent field re-verification from a rights-safe source with a recorded rights decision.
Associate Program Director 2,FREIDA-derived canonical workbook,INTERNAL_FULL_RISE only,No written source-owner display/database grant is present; row-level provenance is FREIDA.,Written source-owner authorization or independent field re-verification from a rights-safe source with a recorded rights decision.
Associate Program Director 3,FREIDA-derived canonical workbook,INTERNAL_FULL_RISE only,No written source-owner display/database grant is present; row-level provenance is FREIDA.,Written source-owner authorization or independent field re-verification from a rights-safe source with a recorded rights decision.
Program Coordinator,FREIDA-derived canonical workbook,INTERNAL_FULL_RISE only,No written source-owner display/database grant is present; row-level provenance is FREIDA.,Written source-owner authorization or independent field re-verification from a rights-safe source with a recorded rights decision.
Coordinator Email,FREIDA-derived canonical workbook,INTERNAL_FULL_RISE only,No written source-owner display/database grant is present; row-level provenance is FREIDA.,Written source-owner authorization or independent field re-verification from a rights-safe source with a recorded rights decision.
Coordinator Phone,FREIDA-derived canonical workbook,INTERNAL_FULL_RISE only,No written source-owner display/database grant is present; row-level provenance is FREIDA.,Written source-owner authorization or independent field re-verification from a rights-safe source with a recorded rights decision.
Department Chair,FREIDA-derived canonical workbook,INTERNAL_FULL_RISE only,No written source-owner display/database grant is present; row-level provenance is FREIDA.,Written source-owner authorization or independent field re-verification from a rights-safe source with a recorded rights decision.
Chief Residents,FREIDA-derived canonical workbook,INTERNAL_FULL_RISE only,No written source-owner display/database grant is present; row-level provenance is FREIDA.,Written source-owner authorization or independent field re-verification from a rights-safe source with a recorded rights decision.
Faculty Page URL,FREIDA-derived canonical workbook,INTERNAL_FULL_RISE only,No written source-owner display/database grant is present; row-level provenance is FREIDA.,Written source-owner authorization or independent field re-verification from a rights-safe source with a recorded rights decision.
Categorical Positions,FREIDA-derived canonical workbook,INTERNAL_FULL_RISE only,No written source-owner display/database grant is present; row-level provenance is FREIDA.,Written source-owner authorization or independent field re-verification from a rights-safe source with a recorded rights decision.
Residents Per Year,FREIDA-derived canonical workbook,INTERNAL_FULL_RISE only,No written source-owner display/database grant is present; row-level provenance is FREIDA.,Written source-owner authorization or independent field re-verification from a rights-safe source with a recorded rights decision.
Total Residents,FREIDA-derived canonical workbook,INTERNAL_FULL_RISE only,No written source-owner display/database grant is present; row-level provenance is FREIDA.,Written source-owner authorization or independent field re-verification from a rights-safe source with a recorded rights decision.
Salary PGY1,FREIDA-derived canonical workbook,INTERNAL_FULL_RISE only,No written source-owner display/database grant is present; row-level provenance is FREIDA.,Written source-owner authorization or independent field re-verification from a rights-safe source with a recorded rights decision.
Salary PGY2,FREIDA-derived canonical workbook,INTERNAL_FULL_RISE only,No written source-owner display/database grant is present; row-level provenance is FREIDA.,Written source-owner authorization or independent field re-verification from a rights-safe source with a recorded rights decision.
Salary PGY3,FREIDA-derived canonical workbook,INTERNAL_FULL_RISE only,No written source-owner display/database grant is present; row-level provenance is FREIDA.,Written source-owner authorization or independent field re-verification from a rights-safe source with a recorded rights decision.
Salary PGY4,FREIDA-derived canonical workbook,INTERNAL_FULL_RISE only,No written source-owner display/database grant is present; row-level provenance is FREIDA.,Written source-owner authorization or independent field re-verification from a rights-safe source with a recorded rights decision.
Vacation,FREIDA-derived canonical workbook,INTERNAL_FULL_RISE only,No written source-owner display/database grant is present; row-level provenance is FREIDA.,Written source-owner authorization or independent field re-verification from a rights-safe source with a recorded rights decision.
Meal Allowance,FREIDA-derived canonical workbook,INTERNAL_FULL_RISE only,No written source-owner display/database grant is present; row-level provenance is FREIDA.,Written source-owner authorization or independent field re-verification from a rights-safe source with a recorded rights decision.
Educational Stipend,FREIDA-derived canonical workbook,INTERNAL_FULL_RISE only,No written source-owner display/database grant is present; row-level provenance is FREIDA.,Written source-owner authorization or independent field re-verification from a rights-safe source with a recorded rights decision.
Research Requirement,FREIDA-derived canonical workbook,INTERNAL_FULL_RISE only,No written source-owner display/database grant is present; row-level provenance is FREIDA.,Written source-owner authorization or independent field re-verification from a rights-safe source with a recorded rights decision.
Research Track,FREIDA-derived canonical workbook,INTERNAL_FULL_RISE only,No written source-owner display/database grant is present; row-level provenance is FREIDA.,Written source-owner authorization or independent field re-verification from a rights-safe source with a recorded rights decision.
Night Float,FREIDA-derived canonical workbook,INTERNAL_FULL_RISE only,No written source-owner display/database grant is present; row-level provenance is FREIDA.,Written source-owner authorization or independent field re-verification from a rights-safe source with a recorded rights decision.
Call Schedule,FREIDA-derived canonical workbook,INTERNAL_FULL_RISE only,No written source-owner display/database grant is present; row-level provenance is FREIDA.,Written source-owner authorization or independent field re-verification from a rights-safe source with a recorded rights decision.
Clinic Structure,FREIDA-derived canonical workbook,INTERNAL_FULL_RISE only,No written source-owner display/database grant is present; row-level provenance is FREIDA.,Written source-owner authorization or independent field re-verification from a rights-safe source with a recorded rights decision.
Moonlighting,FREIDA-derived canonical workbook,INTERNAL_FULL_RISE only,No written source-owner display/database grant is present; row-level provenance is FREIDA.,Written source-owner authorization or independent field re-verification from a rights-safe source with a recorded rights decision.
Visa Sponsorship,FREIDA-derived canonical workbook,INTERNAL_FULL_RISE only,No written source-owner display/database grant is present; row-level provenance is FREIDA.,Written source-owner authorization or independent field re-verification from a rights-safe source with a recorded rights decision.
J1,FREIDA-derived canonical workbook,INTERNAL_FULL_RISE only,No written source-owner display/database grant is present; row-level provenance is FREIDA.,Written source-owner authorization or independent field re-verification from a rights-safe source with a recorded rights decision.
H1B,FREIDA-derived canonical workbook,INTERNAL_FULL_RISE only,No written source-owner display/database grant is present; row-level provenance is FREIDA.,Written source-owner authorization or independent field re-verification from a rights-safe source with a recorded rights decision.
Step Preferences,FREIDA-derived canonical workbook,INTERNAL_FULL_RISE only,No written source-owner display/database grant is present; row-level provenance is FREIDA.,Written source-owner authorization or independent field re-verification from a rights-safe source with a recorded rights decision.
COMLEX Accepted,FREIDA-derived canonical workbook,INTERNAL_FULL_RISE only,No written source-owner display/database grant is present; row-level provenance is FREIDA.,Written source-owner authorization or independent field re-verification from a rights-safe source with a recorded rights decision.
IMG Friendly Indicators,FREIDA-derived canonical workbook,INTERNAL_FULL_RISE only,No written source-owner display/database grant is present; row-level provenance is FREIDA.,Written source-owner authorization or independent field re-verification from a rights-safe source with a recorded rights decision.
International Graduates,FREIDA-derived canonical workbook,INTERNAL_FULL_RISE only,No written source-owner display/database grant is present; row-level provenance is FREIDA.,Written source-owner authorization or independent field re-verification from a rights-safe source with a recorded rights decision.
US Graduates,FREIDA-derived canonical workbook,INTERNAL_FULL_RISE only,No written source-owner display/database grant is present; row-level provenance is FREIDA.,Written source-owner authorization or independent field re-verification from a rights-safe source with a recorded rights decision.
Board Pass Rate,FREIDA-derived canonical workbook,INTERNAL_FULL_RISE only,No written source-owner display/database grant is present; row-level provenance is FREIDA.,Written source-owner authorization or independent field re-verification from a rights-safe source with a recorded rights decision.
Fellowship Placement,FREIDA-derived canonical workbook,INTERNAL_FULL_RISE only,No written source-owner display/database grant is present; row-level provenance is FREIDA.,Written source-owner authorization or independent field re-verification from a rights-safe source with a recorded rights decision.
Research Opportunities,FREIDA-derived canonical workbook,INTERNAL_FULL_RISE only,No written source-owner display/database grant is present; row-level provenance is FREIDA.,Written source-owner authorization or independent field re-verification from a rights-safe source with a recorded rights decision.
Simulation Center,FREIDA-derived canonical workbook,INTERNAL_FULL_RISE only,No written source-owner display/database grant is present; row-level provenance is FREIDA.,Written source-owner authorization or independent field re-verification from a rights-safe source with a recorded rights decision.
Benefits,FREIDA-derived canonical workbook,INTERNAL_FULL_RISE only,No written source-owner display/database grant is present; row-level provenance is FREIDA.,Written source-owner authorization or independent field re-verification from a rights-safe source with a recorded rights decision.
Housing,FREIDA-derived canonical workbook,INTERNAL_FULL_RISE only,No written source-owner display/database grant is present; row-level provenance is FREIDA.,Written source-owner authorization or independent field re-verification from a rights-safe source with a recorded rights decision.
Parking,FREIDA-derived canonical workbook,INTERNAL_FULL_RISE only,No written source-owner display/database grant is present; row-level provenance is FREIDA.,Written source-owner authorization or independent field re-verification from a rights-safe source with a recorded rights decision.
Childcare,FREIDA-derived canonical workbook,INTERNAL_FULL_RISE only,No written source-owner display/database grant is present; row-level provenance is FREIDA.,Written source-owner authorization or independent field re-verification from a rights-safe source with a recorded rights decision.
Wellness,FREIDA-derived canonical workbook,INTERNAL_FULL_RISE only,No written source-owner display/database grant is present; row-level provenance is FREIDA.,Written source-owner authorization or independent field re-verification from a rights-safe source with a recorded rights decision.
Program Length,FREIDA-derived canonical workbook,INTERNAL_FULL_RISE only,No written source-owner display/database grant is present; row-level provenance is FREIDA.,Written source-owner authorization or independent field re-verification from a rights-safe source with a recorded rights decision.
First Year Positions,FREIDA-derived canonical workbook,INTERNAL_FULL_RISE only,No written source-owner display/database grant is present; row-level provenance is FREIDA.,Written source-owner authorization or independent field re-verification from a rights-safe source with a recorded rights decision.
Application Deadline,FREIDA-derived canonical workbook,INTERNAL_FULL_RISE only,No written source-owner display/database grant is present; row-level provenance is FREIDA.,Written source-owner authorization or independent field re-verification from a rights-safe source with a recorded rights decision.
Application Service,FREIDA-derived canonical workbook,INTERNAL_FULL_RISE only,No written source-owner display/database grant is present; row-level provenance is FREIDA.,Written source-owner authorization or independent field re-verification from a rights-safe source with a recorded rights decision.
Average Work Hours,FREIDA-derived canonical workbook,INTERNAL_FULL_RISE only,No written source-owner display/database grant is present; row-level provenance is FREIDA.,Written source-owner authorization or independent field re-verification from a rights-safe source with a recorded rights decision.
Applicant Interview Format,FREIDA-derived canonical workbook,INTERNAL_FULL_RISE only,No written source-owner display/database grant is present; row-level provenance is FREIDA.,Written source-owner authorization or independent field re-verification from a rights-safe source with a recorded rights decision.
Interviews Conducted Last Year,FREIDA-derived canonical workbook,INTERNAL_FULL_RISE only,No written source-owner display/database grant is present; row-level provenance is FREIDA.,Written source-owner authorization or independent field re-verification from a rights-safe source with a recorded rights decision.
Interviews Per First Year Position,FREIDA-derived canonical workbook,INTERNAL_FULL_RISE only,No written source-owner display/database grant is present; row-level provenance is FREIDA.,Written source-owner authorization or independent field re-verification from a rights-safe source with a recorded rights decision.
ERAS Participates,FREIDA-derived canonical workbook,INTERNAL_FULL_RISE only,No written source-owner display/database grant is present; row-level provenance is FREIDA.,Written source-owner authorization or independent field re-verification from a rights-safe source with a recorded rights decision.
NRMP Main Match Participation,FREIDA-derived canonical workbook,INTERNAL_FULL_RISE only,No written source-owner display/database grant is present; row-level provenance is FREIDA.,Written source-owner authorization or independent field re-verification from a rights-safe source with a recorded rights decision.
US MD Step 1 Required,FREIDA-derived canonical workbook,INTERNAL_FULL_RISE only,No written source-owner display/database grant is present; row-level provenance is FREIDA.,Written source-owner authorization or independent field re-verification from a rights-safe source with a recorded rights decision.
US MD Step 2 Required,FREIDA-derived canonical workbook,INTERNAL_FULL_RISE only,No written source-owner display/database grant is present; row-level provenance is FREIDA.,Written source-owner authorization or independent field re-verification from a rights-safe source with a recorded rights decision.
IMG Step 1 Required,FREIDA-derived canonical workbook,INTERNAL_FULL_RISE only,No written source-owner display/database grant is present; row-level provenance is FREIDA.,Written source-owner authorization or independent field re-verification from a rights-safe source with a recorded rights decision.
IMG Step 2 Required,FREIDA-derived canonical workbook,INTERNAL_FULL_RISE only,No written source-owner display/database grant is present; row-level provenance is FREIDA.,Written source-owner authorization or independent field re-verification from a rights-safe source with a recorded rights decision.
DO COMLEX Level 1 Required,FREIDA-derived canonical workbook,INTERNAL_FULL_RISE only,No written source-owner display/database grant is present; row-level provenance is FREIDA.,Written source-owner authorization or independent field re-verification from a rights-safe source with a recorded rights decision.
DO COMLEX Level 2 Required,FREIDA-derived canonical workbook,INTERNAL_FULL_RISE only,No written source-owner display/database grant is present; row-level provenance is FREIDA.,Written source-owner authorization or independent field re-verification from a rights-safe source with a recorded rights decision.
DO Step 1 Required,FREIDA-derived canonical workbook,INTERNAL_FULL_RISE only,No written source-owner display/database grant is present; row-level provenance is FREIDA.,Written source-owner authorization or independent field re-verification from a rights-safe source with a recorded rights decision.
DO Step 2 Required,FREIDA-derived canonical workbook,INTERNAL_FULL_RISE only,No written source-owner display/database grant is present; row-level provenance is FREIDA.,Written source-owner authorization or independent field re-verification from a rights-safe source with a recorded rights decision.
Minimum LOR,FREIDA-derived canonical workbook,INTERNAL_FULL_RISE only,No written source-owner display/database grant is present; row-level provenance is FREIDA.,Written source-owner authorization or independent field re-verification from a rights-safe source with a recorded rights decision.
Maximum LOR,FREIDA-derived canonical workbook,INTERNAL_FULL_RISE only,No written source-owner display/database grant is present; row-level provenance is FREIDA.,Written source-owner authorization or independent field re-verification from a rights-safe source with a recorded rights decision.
Specialty Specific LOR Required,FREIDA-derived canonical workbook,INTERNAL_FULL_RISE only,No written source-owner display/database grant is present; row-level provenance is FREIDA.,Written source-owner authorization or independent field re-verification from a rights-safe source with a recorded rights decision.
Requires Previous GME,FREIDA-derived canonical workbook,INTERNAL_FULL_RISE only,No written source-owner display/database grant is present; row-level provenance is FREIDA.,Written source-owner authorization or independent field re-verification from a rights-safe source with a recorded rights decision.
Offers Preliminary Positions,FREIDA-derived canonical workbook,INTERNAL_FULL_RISE only,No written source-owner display/database grant is present; row-level provenance is FREIDA.,Written source-owner authorization or independent field re-verification from a rights-safe source with a recorded rights decision.
Required Away Rotations,FREIDA-derived canonical workbook,INTERNAL_FULL_RISE only,No written source-owner display/database grant is present; row-level provenance is FREIDA.,Written source-owner authorization or independent field re-verification from a rights-safe source with a recorded rights decision.
Required Supplemental Information,FREIDA-derived canonical workbook,INTERNAL_FULL_RISE only,No written source-owner display/database grant is present; row-level provenance is FREIDA.,Written source-owner authorization or independent field re-verification from a rights-safe source with a recorded rights decision.
Osteopathic Recognition,FREIDA-derived canonical workbook,INTERNAL_FULL_RISE only,No written source-owner display/database grant is present; row-level provenance is FREIDA.,Written source-owner authorization or independent field re-verification from a rights-safe source with a recorded rights decision.
Medical School Graduation Timeline,FREIDA-derived canonical workbook,INTERNAL_FULL_RISE only,No written source-owner display/database grant is present; row-level provenance is FREIDA.,Written source-owner authorization or independent field re-verification from a rights-safe source with a recorded rights decision.
Gap Experience Requirement,FREIDA-derived canonical workbook,INTERNAL_FULL_RISE only,No written source-owner display/database grant is present; row-level provenance is FREIDA.,Written source-owner authorization or independent field re-verification from a rights-safe source with a recorded rights decision.
Faculty Resident Ratio,FREIDA-derived canonical workbook,INTERNAL_FULL_RISE only,No written source-owner display/database grant is present; row-level provenance is FREIDA.,Written source-owner authorization or independent field re-verification from a rights-safe source with a recorded rights decision.
Program Faculty Count,FREIDA-derived canonical workbook,INTERNAL_FULL_RISE only,No written source-owner display/database grant is present; row-level provenance is FREIDA.,Written source-owner authorization or independent field re-verification from a rights-safe source with a recorded rights decision.
Female Faculty Percent,FREIDA-derived canonical workbook,INTERNAL_FULL_RISE only,No written source-owner display/database grant is present; row-level provenance is FREIDA.,Written source-owner authorization or independent field re-verification from a rights-safe source with a recorded rights decision.
Faculty Distribution,FREIDA-derived canonical workbook,INTERNAL_FULL_RISE only,No written source-owner display/database grant is present; row-level provenance is FREIDA.,Written source-owner authorization or independent field re-verification from a rights-safe source with a recorded rights decision.
Program Start Date,FREIDA-derived canonical workbook,INTERNAL_FULL_RISE only,No written source-owner display/database grant is present; row-level provenance is FREIDA.,Written source-owner authorization or independent field re-verification from a rights-safe source with a recorded rights decision.
Average Hours Per Week First Year,FREIDA-derived canonical workbook,INTERNAL_FULL_RISE only,No written source-owner display/database grant is present; row-level provenance is FREIDA.,Written source-owner authorization or independent field re-verification from a rights-safe source with a recorded rights decision.
Maximum Consecutive Hours First Year,FREIDA-derived canonical workbook,INTERNAL_FULL_RISE only,No written source-owner display/database grant is present; row-level provenance is FREIDA.,Written source-owner authorization or independent field re-verification from a rights-safe source with a recorded rights decision.
Average 24h Off Duty Periods Per Week First Year,FREIDA-derived canonical workbook,INTERNAL_FULL_RISE only,No written source-owner display/database grant is present; row-level provenance is FREIDA.,Written source-owner authorization or independent field re-verification from a rights-safe source with a recorded rights decision.
F1 OPT First Year,FREIDA-derived canonical workbook,INTERNAL_FULL_RISE only,No written source-owner display/database grant is present; row-level provenance is FREIDA.,Written source-owner authorization or independent field re-verification from a rights-safe source with a recorded rights decision.
Current Residents PGY1,FREIDA-derived canonical workbook,INTERNAL_FULL_RISE only,No written source-owner display/database grant is present; row-level provenance is FREIDA.,Written source-owner authorization or independent field re-verification from a rights-safe source with a recorded rights decision.
Current Residents PGY2,FREIDA-derived canonical workbook,INTERNAL_FULL_RISE only,No written source-owner display/database grant is present; row-level provenance is FREIDA.,Written source-owner authorization or independent field re-verification from a rights-safe source with a recorded rights decision.
Current Residents PGY3,FREIDA-derived canonical workbook,INTERNAL_FULL_RISE only,No written source-owner display/database grant is present; row-level provenance is FREIDA.,Written source-owner authorization or independent field re-verification from a rights-safe source with a recorded rights decision.
Structured Didactic Activities PGY1 Hours,FREIDA-derived canonical workbook,INTERNAL_FULL_RISE only,No written source-owner display/database grant is present; row-level provenance is FREIDA.,Written source-owner authorization or independent field re-verification from a rights-safe source with a recorded rights decision.
Hospital Outpatient Percent,FREIDA-derived canonical workbook,INTERNAL_FULL_RISE only,No written source-owner display/database grant is present; row-level provenance is FREIDA.,Written source-owner authorization or independent field re-verification from a rights-safe source with a recorded rights decision.
Non Hospital Ambulatory Care Percent,FREIDA-derived canonical workbook,INTERNAL_FULL_RISE only,No written source-owner display/database grant is present; row-level provenance is FREIDA.,Written source-owner authorization or independent field re-verification from a rights-safe source with a recorded rights decision.
Technology Allowance,FREIDA-derived canonical workbook,INTERNAL_FULL_RISE only,No written source-owner display/database grant is present; row-level provenance is FREIDA.,Written source-owner authorization or independent field re-verification from a rights-safe source with a recorded rights decision.
Placement Assistance,FREIDA-derived canonical workbook,INTERNAL_FULL_RISE only,No written source-owner display/database grant is present; row-level provenance is FREIDA.,Written source-owner authorization or independent field re-verification from a rights-safe source with a recorded rights decision.
Interprofessional Teamwork,FREIDA-derived canonical workbook,INTERNAL_FULL_RISE only,No written source-owner display/database grant is present; row-level provenance is FREIDA.,Written source-owner authorization or independent field re-verification from a rights-safe source with a recorded rights decision.
Debt Counseling,FREIDA-derived canonical workbook,INTERNAL_FULL_RISE only,No written source-owner display/database grant is present; row-level provenance is FREIDA.,Written source-owner authorization or independent field re-verification from a rights-safe source with a recorded rights decision.
Resident Retreats,FREIDA-derived canonical workbook,INTERNAL_FULL_RISE only,No written source-owner display/database grant is present; row-level provenance is FREIDA.,Written source-owner authorization or independent field re-verification from a rights-safe source with a recorded rights decision.
Off Campus Electives,FREIDA-derived canonical workbook,INTERNAL_FULL_RISE only,No written source-owner display/database grant is present; row-level provenance is FREIDA.,Written source-owner authorization or independent field re-verification from a rights-safe source with a recorded rights decision.
Research Rotation,FREIDA-derived canonical workbook,INTERNAL_FULL_RISE only,No written source-owner display/database grant is present; row-level provenance is FREIDA.,Written source-owner authorization or independent field re-verification from a rights-safe source with a recorded rights decision.
Integrative Medicine Curriculum,FREIDA-derived canonical workbook,INTERNAL_FULL_RISE only,No written source-owner display/database grant is present; row-level provenance is FREIDA.,Written source-owner authorization or independent field re-verification from a rights-safe source with a recorded rights decision.
Health Systems Leadership Curriculum,FREIDA-derived canonical workbook,INTERNAL_FULL_RISE only,No written source-owner display/database grant is present; row-level provenance is FREIDA.,Written source-owner authorization or independent field re-verification from a rights-safe source with a recorded rights decision.
Medical Spanish Curriculum,FREIDA-derived canonical workbook,INTERNAL_FULL_RISE only,No written source-owner display/database grant is present; row-level provenance is FREIDA.,Written source-owner authorization or independent field re-verification from a rights-safe source with a recorded rights decision.
Complementary Medicine Curriculum,FREIDA-derived canonical workbook,INTERNAL_FULL_RISE only,No written source-owner display/database grant is present; row-level provenance is FREIDA.,Written source-owner authorization or independent field re-verification from a rights-safe source with a recorded rights decision.
Healthcare Economics Curriculum,FREIDA-derived canonical workbook,INTERNAL_FULL_RISE only,No written source-owner display/database grant is present; row-level provenance is FREIDA.,Written source-owner authorization or independent field re-verification from a rights-safe source with a recorded rights decision.
Step 3 or COMLEX Level 3 Support,FREIDA-derived canonical workbook,INTERNAL_FULL_RISE only,No written source-owner display/database grant is present; row-level provenance is FREIDA.,Written source-owner authorization or independent field re-verification from a rights-safe source with a recorded rights decision.
Global Health Experience,FREIDA-derived canonical workbook,INTERNAL_FULL_RISE only,No written source-owner display/database grant is present; row-level provenance is FREIDA.,Written source-owner authorization or independent field re-verification from a rights-safe source with a recorded rights decision.
Hospice Home Care Experience,FREIDA-derived canonical workbook,INTERNAL_FULL_RISE only,No written source-owner display/database grant is present; row-level provenance is FREIDA.,Written source-owner authorization or independent field re-verification from a rights-safe source with a recorded rights decision.
Advanced Degree Training,FREIDA-derived canonical workbook,INTERNAL_FULL_RISE only,No written source-owner display/database grant is present; row-level provenance is FREIDA.,Written source-owner authorization or independent field re-verification from a rights-safe source with a recorded rights decision.
Primary Care Track,FREIDA-derived canonical workbook,INTERNAL_FULL_RISE only,No written source-owner display/database grant is present; row-level provenance is FREIDA.,Written source-owner authorization or independent field re-verification from a rights-safe source with a recorded rights decision.
Hospitalist Track,FREIDA-derived canonical workbook,INTERNAL_FULL_RISE only,No written source-owner display/database grant is present; row-level provenance is FREIDA.,Written source-owner authorization or independent field re-verification from a rights-safe source with a recorded rights decision.
Women's Health Track,FREIDA-derived canonical workbook,INTERNAL_FULL_RISE only,No written source-owner display/database grant is present; row-level provenance is FREIDA.,Written source-owner authorization or independent field re-verification from a rights-safe source with a recorded rights decision.
Clinician Educator Track,FREIDA-derived canonical workbook,INTERNAL_FULL_RISE only,No written source-owner display/database grant is present; row-level provenance is FREIDA.,Written source-owner authorization or independent field re-verification from a rights-safe source with a recorded rights decision.
Additional Training Beyond Accredited Length,FREIDA-derived canonical workbook,INTERNAL_FULL_RISE only,No written source-owner display/database grant is present; row-level provenance is FREIDA.,Written source-owner authorization or independent field re-verification from a rights-safe source with a recorded rights decision.
Milestone Evaluation,FREIDA-derived canonical workbook,INTERNAL_FULL_RISE only,No written source-owner display/database grant is present; row-level provenance is FREIDA.,Written source-owner authorization or independent field re-verification from a rights-safe source with a recorded rights decision.
Board Certification Pass Rate Evaluation,FREIDA-derived canonical workbook,INTERNAL_FULL_RISE only,No written source-owner display/database grant is present; row-level provenance is FREIDA.,Written source-owner authorization or independent field re-verification from a rights-safe source with a recorded rights decision.
OSCE Assessment Evaluation,FREIDA-derived canonical workbook,INTERNAL_FULL_RISE only,No written source-owner display/database grant is present; row-level provenance is FREIDA.,Written source-owner authorization or independent field re-verification from a rights-safe source with a recorded rights decision.
Patient Surveys Evaluation,FREIDA-derived canonical workbook,INTERNAL_FULL_RISE only,No written source-owner display/database grant is present; row-level provenance is FREIDA.,Written source-owner authorization or independent field re-verification from a rights-safe source with a recorded rights decision.
Portfolio System Evaluation,FREIDA-derived canonical workbook,INTERNAL_FULL_RISE only,No written source-owner display/database grant is present; row-level provenance is FREIDA.,Written source-owner authorization or independent field re-verification from a rights-safe source with a recorded rights decision.
Resident OSCE Evaluation,FREIDA-derived canonical workbook,INTERNAL_FULL_RISE only,No written source-owner display/database grant is present; row-level provenance is FREIDA.,Written source-owner authorization or independent field re-verification from a rights-safe source with a recorded rights decision.
Major Medical Residents,FREIDA-derived canonical workbook,INTERNAL_FULL_RISE only,No written source-owner display/database grant is present; row-level provenance is FREIDA.,Written source-owner authorization or independent field re-verification from a rights-safe source with a recorded rights decision.
Major Medical Dependents,FREIDA-derived canonical workbook,INTERNAL_FULL_RISE only,No written source-owner display/database grant is present; row-level provenance is FREIDA.,Written source-owner authorization or independent field re-verification from a rights-safe source with a recorded rights decision.
Major Medical Domestic Partners,FREIDA-derived canonical workbook,INTERNAL_FULL_RISE only,No written source-owner display/database grant is present; row-level provenance is FREIDA.,Written source-owner authorization or independent field re-verification from a rights-safe source with a recorded rights decision.
Outpatient Mental Health,FREIDA-derived canonical workbook,INTERNAL_FULL_RISE only,No written source-owner display/database grant is present; row-level provenance is FREIDA.,Written source-owner authorization or independent field re-verification from a rights-safe source with a recorded rights decision.
Inpatient Mental Health,FREIDA-derived canonical workbook,INTERNAL_FULL_RISE only,No written source-owner display/database grant is present; row-level provenance is FREIDA.,Written source-owner authorization or independent field re-verification from a rights-safe source with a recorded rights decision.
Group Life Insurance,FREIDA-derived canonical workbook,INTERNAL_FULL_RISE only,No written source-owner display/database grant is present; row-level provenance is FREIDA.,Written source-owner authorization or independent field re-verification from a rights-safe source with a recorded rights decision.
Dental Insurance,FREIDA-derived canonical workbook,INTERNAL_FULL_RISE only,No written source-owner display/database grant is present; row-level provenance is FREIDA.,Written source-owner authorization or independent field re-verification from a rights-safe source with a recorded rights decision.
Disability Insurance,FREIDA-derived canonical workbook,INTERNAL_FULL_RISE only,No written source-owner display/database grant is present; row-level provenance is FREIDA.,Written source-owner authorization or independent field re-verification from a rights-safe source with a recorded rights decision.
Salary Paid By,FREIDA-derived canonical workbook,INTERNAL_FULL_RISE only,No written source-owner display/database grant is present; row-level provenance is FREIDA.,Written source-owner authorization or independent field re-verification from a rights-safe source with a recorded rights decision.
Sick Days,FREIDA-derived canonical workbook,INTERNAL_FULL_RISE only,No written source-owner display/database grant is present; row-level provenance is FREIDA.,Written source-owner authorization or independent field re-verification from a rights-safe source with a recorded rights decision.
Family Medical Leave Paid Days,FREIDA-derived canonical workbook,INTERNAL_FULL_RISE only,No written source-owner display/database grant is present; row-level provenance is FREIDA.,Written source-owner authorization or independent field re-verification from a rights-safe source with a recorded rights decision.
Family Medical Leave Unpaid Days,FREIDA-derived canonical workbook,INTERNAL_FULL_RISE only,No written source-owner display/database grant is present; row-level provenance is FREIDA.,Written source-owner authorization or independent field re-verification from a rights-safe source with a recorded rights decision.
Quality of Life City,FREIDA-derived canonical workbook,INTERNAL_FULL_RISE only,No written source-owner display/database grant is present; row-level provenance is FREIDA.,Written source-owner authorization or independent field re-verification from a rights-safe source with a recorded rights decision.
Purchasing Power Index,FREIDA-derived canonical workbook,INTERNAL_FULL_RISE only,No written source-owner display/database grant is present; row-level provenance is FREIDA.,Written source-owner authorization or independent field re-verification from a rights-safe source with a recorded rights decision.
Safety Index,FREIDA-derived canonical workbook,INTERNAL_FULL_RISE only,No written source-owner display/database grant is present; row-level provenance is FREIDA.,Written source-owner authorization or independent field re-verification from a rights-safe source with a recorded rights decision.
Health Care Index,FREIDA-derived canonical workbook,INTERNAL_FULL_RISE only,No written source-owner display/database grant is present; row-level provenance is FREIDA.,Written source-owner authorization or independent field re-verification from a rights-safe source with a recorded rights decision.
Climate Index,FREIDA-derived canonical workbook,INTERNAL_FULL_RISE only,No written source-owner display/database grant is present; row-level provenance is FREIDA.,Written source-owner authorization or independent field re-verification from a rights-safe source with a recorded rights decision.
Cost of Living Index,FREIDA-derived canonical workbook,INTERNAL_FULL_RISE only,No written source-owner display/database grant is present; row-level provenance is FREIDA.,Written source-owner authorization or independent field re-verification from a rights-safe source with a recorded rights decision.
Property Price to Income Ratio,FREIDA-derived canonical workbook,INTERNAL_FULL_RISE only,No written source-owner display/database grant is present; row-level provenance is FREIDA.,Written source-owner authorization or independent field re-verification from a rights-safe source with a recorded rights decision.
Traffic Commute Time Index,FREIDA-derived canonical workbook,INTERNAL_FULL_RISE only,No written source-owner display/database grant is present; row-level provenance is FREIDA.,Written source-owner authorization or independent field re-verification from a rights-safe source with a recorded rights decision.
Pollution Index,FREIDA-derived canonical workbook,INTERNAL_FULL_RISE only,No written source-owner display/database grant is present; row-level provenance is FREIDA.,Written source-owner authorization or independent field re-verification from a rights-safe source with a recorded rights decision.
Estimated Monthly Cost Family of 4,FREIDA-derived canonical workbook,INTERNAL_FULL_RISE only,No written source-owner display/database grant is present; row-level provenance is FREIDA.,Written source-owner authorization or independent field re-verification from a rights-safe source with a recorded rights decision.
Estimated Monthly Cost Single Person,FREIDA-derived canonical workbook,INTERNAL_FULL_RISE only,No written source-owner display/database grant is present; row-level provenance is FREIDA.,Written source-owner authorization or independent field re-verification from a rights-safe source with a recorded rights decision.
Survey Received,FREIDA-derived canonical workbook,INTERNAL_FULL_RISE only,No written source-owner display/database grant is present; row-level provenance is FREIDA.,Written source-owner authorization or independent field re-verification from a rights-safe source with a recorded rights decision.
FREIDA Last Updated,FREIDA-derived canonical workbook,INTERNAL_FULL_RISE only,No written source-owner display/database grant is present; row-level provenance is FREIDA.,Written source-owner authorization or independent field re-verification from a rights-safe source with a recorded rights decision.
FREIDA Program ID,FREIDA-derived canonical workbook,INTERNAL_FULL_RISE only,No written source-owner display/database grant is present; row-level provenance is FREIDA.,Written source-owner authorization or independent field re-verification from a rights-safe source with a recorded rights decision.
Program Best Described As,FREIDA-derived canonical workbook,INTERNAL_FULL_RISE only,No written source-owner display/database grant is present; row-level provenance is FREIDA.,Written source-owner authorization or independent field re-verification from a rights-safe source with a recorded rights decision.
Resident Gender Female Percent,FREIDA-derived canonical workbook,INTERNAL_FULL_RISE only,No written source-owner display/database grant is present; row-level provenance is FREIDA.,Written source-owner authorization or independent field re-verification from a rights-safe source with a recorded rights decision.
Resident Gender Male Percent,FREIDA-derived canonical workbook,INTERNAL_FULL_RISE only,No written source-owner display/database grant is present; row-level provenance is FREIDA.,Written source-owner authorization or independent field re-verification from a rights-safe source with a recorded rights decision.
DO Graduates Percent,FREIDA-derived canonical workbook,INTERNAL_FULL_RISE only,No written source-owner display/database grant is present; row-level provenance is FREIDA.,Written source-owner authorization or independent field re-verification from a rights-safe source with a recorded rights decision.
US MD Graduates Percent,FREIDA-derived canonical workbook,INTERNAL_FULL_RISE only,No written source-owner display/database grant is present; row-level provenance is FREIDA.,Written source-owner authorization or independent field re-verification from a rights-safe source with a recorded rights decision.
IMG Graduates Percent,FREIDA-derived canonical workbook,INTERNAL_FULL_RISE only,No written source-owner display/database grant is present; row-level provenance is FREIDA.,Written source-owner authorization or independent field re-verification from a rights-safe source with a recorded rights decision.
Historical Interview Stats,FREIDA-derived canonical workbook,INTERNAL_FULL_RISE only,No written source-owner display/database grant is present; row-level provenance is FREIDA.,Written source-owner authorization or independent field re-verification from a rights-safe source with a recorded rights decision.
Official Program Description,FREIDA-derived canonical workbook,INTERNAL_FULL_RISE only,No written source-owner display/database grant is present; row-level provenance is FREIDA.,Written source-owner authorization or independent field re-verification from a rights-safe source with a recorded rights decision.
Curriculum Summary,FREIDA-derived canonical workbook,INTERNAL_FULL_RISE only,No written source-owner display/database grant is present; row-level provenance is FREIDA.,Written source-owner authorization or independent field re-verification from a rights-safe source with a recorded rights decision.
Didactics,FREIDA-derived canonical workbook,INTERNAL_FULL_RISE only,No written source-owner display/database grant is present; row-level provenance is FREIDA.,Written source-owner authorization or independent field re-verification from a rights-safe source with a recorded rights decision.
Career Mentorship,FREIDA-derived canonical workbook,INTERNAL_FULL_RISE only,No written source-owner display/database grant is present; row-level provenance is FREIDA.,Written source-owner authorization or independent field re-verification from a rights-safe source with a recorded rights decision.
Interview Style,FREIDA-derived canonical workbook,INTERNAL_FULL_RISE only,No written source-owner display/database grant is present; row-level provenance is FREIDA.,Written source-owner authorization or independent field re-verification from a rights-safe source with a recorded rights decision.
Behavioral %,FREIDA-derived canonical workbook,INTERNAL_FULL_RISE only,No written source-owner display/database grant is present; row-level provenance is FREIDA.,Written source-owner authorization or independent field re-verification from a rights-safe source with a recorded rights decision.
Traditional %,FREIDA-derived canonical workbook,INTERNAL_FULL_RISE only,No written source-owner display/database grant is present; row-level provenance is FREIDA.,Written source-owner authorization or independent field re-verification from a rights-safe source with a recorded rights decision.
Stress Interview,FREIDA-derived canonical workbook,INTERNAL_FULL_RISE only,No written source-owner display/database grant is present; row-level provenance is FREIDA.,Written source-owner authorization or independent field re-verification from a rights-safe source with a recorded rights decision.
Virtual,FREIDA-derived canonical workbook,INTERNAL_FULL_RISE only,No written source-owner display/database grant is present; row-level provenance is FREIDA.,Written source-owner authorization or independent field re-verification from a rights-safe source with a recorded rights decision.
In Person,FREIDA-derived canonical workbook,INTERNAL_FULL_RISE only,No written source-owner display/database grant is present; row-level provenance is FREIDA.,Written source-owner authorization or independent field re-verification from a rights-safe source with a recorded rights decision.
Program Values,FREIDA-derived canonical workbook,INTERNAL_FULL_RISE only,No written source-owner display/database grant is present; row-level provenance is FREIDA.,Written source-owner authorization or independent field re-verification from a rights-safe source with a recorded rights decision.
Mission Statement,FREIDA-derived canonical workbook,INTERNAL_FULL_RISE only,No written source-owner display/database grant is present; row-level provenance is FREIDA.,Written source-owner authorization or independent field re-verification from a rights-safe source with a recorded rights decision.
Culture Notes,FREIDA-derived canonical workbook,INTERNAL_FULL_RISE only,No written source-owner display/database grant is present; row-level provenance is FREIDA.,Written source-owner authorization or independent field re-verification from a rights-safe source with a recorded rights decision.
MissionMed Alumni,FREIDA-derived canonical workbook,INTERNAL_FULL_RISE only,No written source-owner display/database grant is present; row-level provenance is FREIDA.,Written source-owner authorization or independent field re-verification from a rights-safe source with a recorded rights decision.
ACTN Connections,FREIDA-derived canonical workbook,INTERNAL_FULL_RISE only,No written source-owner display/database grant is present; row-level provenance is FREIDA.,Written source-owner authorization or independent field re-verification from a rights-safe source with a recorded rights decision.
StoryForge Tags,FREIDA-derived canonical workbook,INTERNAL_FULL_RISE only,No written source-owner display/database grant is present; row-level provenance is FREIDA.,Written source-owner authorization or independent field re-verification from a rights-safe source with a recorded rights decision.
Timeline Assets,FREIDA-derived canonical workbook,INTERNAL_FULL_RISE only,No written source-owner display/database grant is present; row-level provenance is FREIDA.,Written source-owner authorization or independent field re-verification from a rights-safe source with a recorded rights decision.
CAM Interview Pack,FREIDA-derived canonical workbook,INTERNAL_FULL_RISE only,No written source-owner display/database grant is present; row-level provenance is FREIDA.,Written source-owner authorization or independent field re-verification from a rights-safe source with a recorded rights decision.
Interview Questions,FREIDA-derived canonical workbook,INTERNAL_FULL_RISE only,No written source-owner display/database grant is present; row-level provenance is FREIDA.,Written source-owner authorization or independent field re-verification from a rights-safe source with a recorded rights decision.
MissionMed Notes,FREIDA-derived canonical workbook,INTERNAL_FULL_RISE only,No written source-owner display/database grant is present; row-level provenance is FREIDA.,Written source-owner authorization or independent field re-verification from a rights-safe source with a recorded rights decision.
Primary Source,FREIDA-derived canonical workbook,INTERNAL_FULL_RISE only,No written source-owner display/database grant is present; row-level provenance is FREIDA.,Written source-owner authorization or independent field re-verification from a rights-safe source with a recorded rights decision.
Secondary Source,FREIDA-derived canonical workbook,INTERNAL_FULL_RISE only,No written source-owner display/database grant is present; row-level provenance is FREIDA.,Written source-owner authorization or independent field re-verification from a rights-safe source with a recorded rights decision.
Evidence URL,FREIDA-derived canonical workbook,INTERNAL_FULL_RISE only,No written source-owner display/database grant is present; row-level provenance is FREIDA.,Written source-owner authorization or independent field re-verification from a rights-safe source with a recorded rights decision.
Evidence Notes,FREIDA-derived canonical workbook,INTERNAL_FULL_RISE only,No written source-owner display/database grant is present; row-level provenance is FREIDA.,Written source-owner authorization or independent field re-verification from a rights-safe source with a recorded rights decision.
Verification Date,FREIDA-derived canonical workbook,INTERNAL_FULL_RISE only,No written source-owner display/database grant is present; row-level provenance is FREIDA.,Written source-owner authorization or independent field re-verification from a rights-safe source with a recorded rights decision.
Verified By,FREIDA-derived canonical workbook,INTERNAL_FULL_RISE only,No written source-owner display/database grant is present; row-level provenance is FREIDA.,Written source-owner authorization or independent field re-verification from a rights-safe source with a recorded rights decision.
Confidence,FREIDA-derived canonical workbook,INTERNAL_FULL_RISE only,No written source-owner display/database grant is present; row-level provenance is FREIDA.,Written source-owner authorization or independent field re-verification from a rights-safe source with a recorded rights decision.
ALL_FIELDS,SOL56 official-source corpus,INTERNAL_FULL_RISE only,Student display authorization is false and per-domain rights decisions are incomplete.,Per-source terms review and affirmative student-display decision.
ALL_FIELDS,P1-RISE-4102 official-source corpus,INTERNAL_FULL_RISE only,Current-publishable fact count is zero and source-domain decisions are incomplete or deny reuse.,Field-level re-verification plus affirmative source-domain rights decision.
3 unmatched SOAP 2026 program identities,Recovered SOAP 2026 corpus,INTERNAL_FULL_RISE only,No exact ACGME identity exists in the canonical workbook.,A verified RISE crosswalk; display-name-only joins remain prohibited.
"HRSA narrative, award amount, and deeper enrichment",HRSA THCGME,Excluded,Only the bounded factual awardee projection is approved; broader reuse was not evaluated.,Legal/rights review for any broader or paid-tier reproduction.
