acgme_id,rise_program_id,program_name,institution,city,state,source_ticket,adversarially_validated,resident_roster_total,resident_classified_total,resident_unclassified_total,us_md_count,do_count,img_count,caribbean_img_count,img_other_count,other_or_unresolved_count,us_md_pct_of_classified,do_pct_of_classified,img_pct_of_classified,caribbean_img_pct_of_classified,classified_coverage_pct_of_roster,roster_snapshot_date_or_cycle,composition_type,official_program_statistic,denominator_basis,unknowns_excluded_from_percentage,estimate_method,estimate_confidence,disclaimer,percentages_available,source_urls
1804800001,RISE-NEURO-0247,University of Texas at Austin Dell Medical School/Ascension Seton Medical Center Program,University of Texas at Austin Dell Medical School,Austin,TX,P1-RISE-ALEJANDRA-NEURO-TX-OPUS5-STAGEB-007,NO,16,16,0,13,3,0,0,0,0,81.2,18.8,0.0,0.0,100.0,AY 2026-2027 (retrieved 2026-09-11; includes the PGY-1 class that began July 2026),ROSTER_DERIVED_ESTIMATE,False,CLASSIFIED_RESIDENTS,True,"Per-resident classification from the program's own published roster using institution-based rules only (school string and, where published, degree suffix). Puerto Rico LCME schools classify as US_MD. Caribbean is an IMG subtype. No inference from any person's name, ethnicity, language or nationality.",HIGH,"Estimated from the residency roster published by the program. No official program-level MD/DO/IMG composition statistic was available. Percentages are a best estimate based on identifiable resident medical schools and/or degree designations shown on the roster, and may be incomplete where resident background is not published.",True,https://dellmed.utexas.edu/education/academics/graduate-medical-education/neurology-residency/resident-listing
1804800004,RISE-NEURO-0251,University of Texas Health Science Center at Tyler Program,University of Texas Health Science Center at Tyler,Tyler,TX,P1-RISE-ALEJANDRA-NEURO-TX-OPUS5-STAGEB-007,NO,8,0,8,0,0,0,0,0,8,,,,,0.0,AY2026-2027 (page read 2026-09-11),ROSTER_DERIVED_ESTIMATE,False,CLASSIFIED_RESIDENTS,True,"Per-resident classification from the program's own published roster using institution-based rules only (school string and, where published, degree suffix). Puerto Rico LCME schools classify as US_MD. Caribbean is an IMG subtype. No inference from any person's name, ethnicity, language or nationality.",LOW,"Estimated from the residency roster published by the program. No official program-level MD/DO/IMG composition statistic was available. Percentages are a best estimate based on identifiable resident medical schools and/or degree designations shown on the roster, and may be incomplete where resident background is not published.",False,https://www.uttyler.edu/academics/colleges-schools/medicine/departments/graduate-medical-education/neurology-residency/current-residents/index.php
1804800005,RISE-NEURO-0039,"Doctors Hospital At Renaissance, Ltd. Program",Doctors Hospital at Renaissance Ltd,Edinburg,TX,P1-RISE-ALEJANDRA-NEURO-TX-OPUS5-BENCH-006A,NO,6,6,0,0,0,6,2,4,0,0.0,0.0,100.0,33.3,100.0,,ROSTER_DERIVED_ESTIMATE,False,CLASSIFIED_RESIDENTS,True,"Per-resident classification from the program's own published roster using institution-based rules only (school string and, where published, degree suffix). Puerto Rico LCME schools classify as US_MD. Caribbean is an IMG subtype. No inference from any person's name, ethnicity, language or nationality.",HIGH,"Estimated from the residency roster published by the program. No official program-level MD/DO/IMG composition statistic was available. Percentages are a best estimate based on identifiable resident medical schools and/or degree designations shown on the roster, and may be incomplete where resident background is not published.",True,https://dhrhealth.com/education/graduate-medical-education/neurology-residency-program
1804800006,RISE-NEURO-0010,Baylor University Medical Center Program,Baylor University Medical Center,Dallas,TX,P1-RISE-ALEJANDRA-NEURO-TX-OPUS5-STAGEB-007,NO,0,0,0,0,0,0,0,0,0,,,,,,2026-2027 (academic year in progress at retrieval),ROSTER_DERIVED_ESTIMATE,False,CLASSIFIED_RESIDENTS,True,"Per-resident classification from the program's own published roster using institution-based rules only (school string and, where published, degree suffix). Puerto Rico LCME schools classify as US_MD. Caribbean is an IMG subtype. No inference from any person's name, ethnicity, language or nationality.",NONE_NO_ROSTER,"Estimated from the residency roster published by the program. No official program-level MD/DO/IMG composition statistic was available. Percentages are a best estimate based on identifiable resident medical schools and/or degree designations shown on the roster, and may be incomplete where resident background is not published.",False,
1804800167,RISE-NEURO-0009,Baylor Scott & White Medical Center - Baylor College of Medicine (Temple) Program,Baylor Scott & White Medical Center - Baylor College of Medicine (Temple),Temple,TX,P1-RISE-ALEJANDRA-NEURO-TX-OPUS5-STAGEB-007,NO,20,20,0,11,6,3,1,2,0,55.0,30.0,15.0,5.0,100.0,"2026-2027 academic year, directory read 2026-09-11",ROSTER_DERIVED_ESTIMATE,False,CLASSIFIED_RESIDENTS,True,"Per-resident classification from the program's own published roster using institution-based rules only (school string and, where published, degree suffix). Puerto Rico LCME schools classify as US_MD. Caribbean is an IMG subtype. No inference from any person's name, ethnicity, language or nationality.",HIGH,"Estimated from the residency roster published by the program. No official program-level MD/DO/IMG composition statistic was available. Percentages are a best estimate based on identifiable resident medical schools and/or degree designations shown on the roster, and may be incomplete where resident background is not published.",True,https://www.bswhealth.com/medical-professionals/education/graduate-medical-education/temple/neurology-residency/faculty-and-residents
1804800168,RISE-NEURO-0166,Texas Tech University HSC El Paso Program,Texas Tech University HSC El Paso,El Paso,TX,P1-RISE-ALEJANDRA-NEURO-TX-OPUS5-STAGEB-007,NO,7,2,5,2,0,0,0,0,5,100.0,0.0,0.0,0.0,28.6,"Not stated by the program. Content evidence (an empty PGY-3 year, no PGY-1 section, and sibling pages referring to the 2023-2024 interview season) places the roster's content around academic year 2021-22 to 2023-24, republished unchanged during the 2026 CMS migration. It is NOT an AY2026-27 roster.",ROSTER_DERIVED_ESTIMATE,False,CLASSIFIED_RESIDENTS,True,"Per-resident classification from the program's own published roster using institution-based rules only (school string and, where published, degree suffix). Puerto Rico LCME schools classify as US_MD. Caribbean is an IMG subtype. No inference from any person's name, ethnicity, language or nationality.",LOW,"Estimated from the residency roster published by the program. No official program-level MD/DO/IMG composition statistic was available. Percentages are a best estimate based on identifiable resident medical schools and/or degree designations shown on the roster, and may be incomplete where resident background is not published.",True,https://ttuhscep.edu/som/academics/departments/neurology/education/residency-program/resident-profiles.aspx
1804800169,RISE-NEURO-0254,University of Texas Rio Grande Valley Program,University of Texas Rio Grande Valley,Harlingen,TX,P1-RISE-ALEJANDRA-NEURO-TX-OPUS5-BENCH-006A,NO,2,2,0,1,0,1,0,1,0,50.0,0.0,50.0,0.0,100.0,,ROSTER_DERIVED_ESTIMATE,False,CLASSIFIED_RESIDENTS,True,"Per-resident classification from the program's own published roster using institution-based rules only (school string and, where published, degree suffix). Puerto Rico LCME schools classify as US_MD. Caribbean is an IMG subtype. No inference from any person's name, ethnicity, language or nationality.",HIGH,"Estimated from the residency roster published by the program. No official program-level MD/DO/IMG composition statistic was available. Percentages are a best estimate based on identifiable resident medical schools and/or degree designations shown on the roster, and may be incomplete where resident background is not published.",True,https://www.utrgv.edu/newsroom/2025/11/03/utrgv-school-of-medicine-launches-%20neurology-residency-program-to-address-growing-healthcare-needs-in-the-rio-grande-valley.htm;https://www.utrgv.edu/som/gme/resident-directory/index.htm?department=neurology
1804811109,RISE-NEURO-0253,University of Texas Medical Branch Hospitals Program,University of Texas Medical Branch Hospitals,Galveston,TX,P1-RISE-ALEJANDRA-NEURO-TX-OPUS5-STAGEB-007,NO,29,29,0,3,5,21,0,21,0,10.3,17.2,72.4,0.0,100.0,"AY2026-27 (academic year beginning July 2026), verified current as of 2026-09-11",ROSTER_DERIVED_ESTIMATE,False,CLASSIFIED_RESIDENTS,True,"Per-resident classification from the program's own published roster using institution-based rules only (school string and, where published, degree suffix). Puerto Rico LCME schools classify as US_MD. Caribbean is an IMG subtype. No inference from any person's name, ethnicity, language or nationality.",HIGH,"Estimated from the residency roster published by the program. No official program-level MD/DO/IMG composition statistic was available. Percentages are a best estimate based on identifiable resident medical schools and/or degree designations shown on the roster, and may be incomplete where resident background is not published.",True,https://www.utmb.edu/neuro/education/residency-program/our-team
1804812156,RISE-NEURO-0248,University of Texas at Austin Dell Medical School/Dell Seton Medical Center Program,University of Texas at Austin Dell Medical School,Austin,TX,P1-RISE-ALEJANDRA-NEURO-TX-OPUS5-STAGEB-007,NO,24,24,0,16,6,2,0,2,0,66.7,25.0,8.3,0.0,100.0,"AY2026-2027 roster as published on the program site and retrieved 2026-09-11 (PGY-1 cohort in place, consistent with a June 2026 start)",ROSTER_DERIVED_ESTIMATE,False,CLASSIFIED_RESIDENTS,True,"Per-resident classification from the program's own published roster using institution-based rules only (school string and, where published, degree suffix). Puerto Rico LCME schools classify as US_MD. Caribbean is an IMG subtype. No inference from any person's name, ethnicity, language or nationality.",HIGH,"Estimated from the residency roster published by the program. No official program-level MD/DO/IMG composition statistic was available. Percentages are a best estimate based on identifiable resident medical schools and/or degree designations shown on the roster, and may be incomplete where resident background is not published.",True,https://dellmed.utexas.edu/education/academics/graduate-medical-education/neurology-residency/resident-listing
1804812160,RISE-NEURO-0065,Houston Methodist Hospital (Medical Center) Program,Houston Methodist Hospital,Houston,TX,P1-RISE-ALEJANDRA-NEURO-TX-OPUS5-BENCH-006A,NO,29,28,1,14,0,14,0,14,1,50.0,0.0,50.0,0.0,96.6,,ROSTER_DERIVED_ESTIMATE,False,CLASSIFIED_RESIDENTS,True,"Per-resident classification from the program's own published roster using institution-based rules only (school string and, where published, degree suffix). Puerto Rico LCME schools classify as US_MD. Caribbean is an IMG subtype. No inference from any person's name, ethnicity, language or nationality.",HIGH,"Estimated from the residency roster published by the program. No official program-level MD/DO/IMG composition statistic was available. Percentages are a best estimate based on identifiable resident medical schools and/or degree designations shown on the roster, and may be incomplete where resident background is not published.",True,https://www.houstonmethodist.org/api/faculty/directory/
1804813163,RISE-NEURO-0165,Texas Tech University Health Sciences Center at Lubbock Program,Texas Tech University Health Sciences Center at Lubbock,Lubbock,TX,P1-RISE-ALEJANDRA-NEURO-TX-OPUS5-STAGEB-007,NO,19,19,0,0,2,17,0,17,0,0.0,10.5,89.5,0.0,100.0,AY2026-2027,ROSTER_DERIVED_ESTIMATE,False,CLASSIFIED_RESIDENTS,True,"Per-resident classification from the program's own published roster using institution-based rules only (school string and, where published, degree suffix). Puerto Rico LCME schools classify as US_MD. Caribbean is an IMG subtype. No inference from any person's name, ethnicity, language or nationality.",HIGH,"Estimated from the residency roster published by the program. No official program-level MD/DO/IMG composition statistic was available. Percentages are a best estimate based on identifiable resident medical schools and/or degree designations shown on the roster, and may be incomplete where resident background is not published.",True,https://www.ttuhsc.edu/faculty-staff-directory/akash-raola;https://www.ttuhsc.edu/faculty-staff-directory/chanaka-kahathuduwa;https://www.ttuhsc.edu/faculty-staff-directory/damla-yagmur;https://www.ttuhsc.edu/faculty-staff-directory/daniel-uribe-padilla;https://www.ttuhsc.edu/faculty-staff-directory/dinesh-barakoti;https://www.ttuhsc.edu/faculty-staff-directory/gwyn-srifuengfung;https://www.ttuhsc.edu/faculty-staff-directory/harini-gali;https://www.ttuhsc.edu/faculty-staff-directory/juan-moncayo;https://www.ttuhsc.edu/faculty-staff-directory/jwana-qussous;https://www.ttuhsc.edu/faculty-staff-directory/kenneth-harbour;https://www.ttuhsc.edu/faculty-staff-directory/madison-lackey;https://www.ttuhsc.edu/faculty-staff-directory/marjorie-ho;https://www.ttuhsc.edu/faculty-staff-directory/myriam-vijil-mejia;https://www.ttuhsc.edu/faculty-staff-directory/pamela-davila-siliezar;https://www.ttuhsc
1804821108,RISE-NEURO-0256,University of Texas Southwestern Medical Center Program,University of Texas Southwestern Medical Center,Dallas,TX,P1-RISE-ALEJANDRA-NEURO-TX-OPUS5-BENCH-006A,NO,44,44,0,43,0,1,0,1,0,97.7,0.0,2.3,0.0,100.0,,ROSTER_DERIVED_ESTIMATE,False,CLASSIFIED_RESIDENTS,True,"Per-resident classification from the program's own published roster using institution-based rules only (school string and, where published, degree suffix). Puerto Rico LCME schools classify as US_MD. Caribbean is an IMG subtype. No inference from any person's name, ethnicity, language or nationality.",HIGH,"Estimated from the residency roster published by the program. No official program-level MD/DO/IMG composition statistic was available. Percentages are a best estimate based on identifiable resident medical schools and/or degree designations shown on the roster, and may be incomplete where resident background is not published.",True,https://www.utsouthwestern.edu/departments/neurology/education/residency/residents.html
1804821110,RISE-NEURO-0008,Baylor College of Medicine Program,Baylor College of Medicine,Houston,TX,P1-RISE-ALEJANDRA-NEURO-TX-OPUS5-BENCH-006A,NO,36,3,33,1,0,2,0,2,33,33.3,0.0,66.7,0.0,8.3,,ROSTER_DERIVED_ESTIMATE,False,CLASSIFIED_RESIDENTS,True,"Per-resident classification from the program's own published roster using institution-based rules only (school string and, where published, degree suffix). Puerto Rico LCME schools classify as US_MD. Caribbean is an IMG subtype. No inference from any person's name, ethnicity, language or nationality.",LOW,"Estimated from the residency roster published by the program. No official program-level MD/DO/IMG composition statistic was available. Percentages are a best estimate based on identifiable resident medical schools and/or degree designations shown on the roster, and may be incomplete where resident background is not published.",True,https://www.bcm.edu/departments/neurology/education/adult-neurology-residency/residents;https://www.bcm.edu/departments/neurology/education/adult-neurology-residency/residents/first-year-residents;https://www.bcm.edu/departments/neurology/education/adult-neurology-residency/residents/second-year-residents;https://www.bcm.edu/departments/neurology/education/adult-neurology-residency/residents/third-year-residents
1804821112,RISE-NEURO-0252,University of Texas Health Science Center San Antonio Joe and Teresa Lozano Long School of Medicine Program,University of Texas Health Science Center San Antonio Joe and Teresa Lozano Long School of Medicine,San Antonio,TX,P1-RISE-ALEJANDRA-NEURO-TX-OPUS5-STAGEB-007,NO,37,3,34,0,3,0,0,0,34,0.0,100.0,0.0,0.0,8.1,AY2026-2027 (page modified 2026-07-08),ROSTER_DERIVED_ESTIMATE,False,CLASSIFIED_RESIDENTS,True,"Per-resident classification from the program's own published roster using institution-based rules only (school string and, where published, degree suffix). Puerto Rico LCME schools classify as US_MD. Caribbean is an IMG subtype. No inference from any person's name, ethnicity, language or nationality.",LOW,"Estimated from the residency roster published by the program. No official program-level MD/DO/IMG composition statistic was available. Percentages are a best estimate based on identifiable resident medical schools and/or degree designations shown on the roster, and may be incomplete where resident background is not published.",True,https://lsom.uthscsa.edu/neurology/education/residency-program/current-residents/
1804821127,RISE-NEURO-0147,San Antonio Uniformed Services Health Education Consortium Program,San Antonio Uniformed Services Health Education Consortium,JBSA Ft Sam Houston,TX,P1-RISE-ALEJANDRA-NEURO-TX-OPUS5-STAGEB-007,NO,0,0,0,0,0,0,0,0,0,,,,,,2026-2027 academic year as reflected in the FREIDA record last updated 2026-02-19 and the program page last updated 2025-07-28,ROSTER_DERIVED_ESTIMATE,False,CLASSIFIED_RESIDENTS,True,"Per-resident classification from the program's own published roster using institution-based rules only (school string and, where published, degree suffix). Puerto Rico LCME schools classify as US_MD. Caribbean is an IMG subtype. No inference from any person's name, ethnicity, language or nationality.",NONE_NO_ROSTER,"Estimated from the residency roster published by the program. No official program-level MD/DO/IMG composition statistic was available. Percentages are a best estimate based on identifiable resident medical schools and/or degree designations shown on the roster, and may be incomplete where resident background is not published.",False,
1804831111,RISE-NEURO-0250,University of Texas Health Science Center at Houston Program,University of Texas Health Science Center at Houston,Houston,TX,P1-RISE-ALEJANDRA-NEURO-TX-OPUS5-BENCH-006A,NO,48,36,12,21,7,8,1,7,12,58.3,19.4,22.2,2.8,75.0,,ROSTER_DERIVED_ESTIMATE,False,CLASSIFIED_RESIDENTS,True,"Per-resident classification from the program's own published roster using institution-based rules only (school string and, where published, degree suffix). Puerto Rico LCME schools classify as US_MD. Caribbean is an IMG subtype. No inference from any person's name, ethnicity, language or nationality.",MEDIUM,"Estimated from the residency roster published by the program. No official program-level MD/DO/IMG composition statistic was available. Percentages are a best estimate based on identifiable resident medical schools and/or degree designations shown on the roster, and may be incomplete where resident background is not published.",True,https://med.uth.edu/neurology/education/residency-training-program/meet-our-residents/;https://med.uth.edu/neurology/resident-roster/
1801100001,RISE-NEURO-0057,HCA Florida Healthcare/Westside/Northwest Hospital Program,"HCA Florida Healthcare (sponsoring institution, Fort Lauderdale, FL); primary teaching site HCA Florida Westside Hospital, Plantation, FL; participating sites HCA Florida Northwest Hospital, Margate, FL and Nicklaus Children's Hospital, Miami, FL",Margate (program mailing address); primary teaching site is Plantation,FL,P1-RISE-ALEJANDRA-NEURO-FL-OPUS5-008,YES,0,0,0,0,0,0,0,0,0,,,,,,AY 2026-27,ROSTER_DERIVED_ESTIMATE,False,CLASSIFIED_RESIDENTS,True,"Per-resident classification from the program's own published roster using institution-based rules only (school string and, where published, degree suffix). Puerto Rico LCME schools classify as US_MD. Caribbean is an IMG subtype. No inference from any person's name, ethnicity, language or nationality.",NONE_NO_ROSTER,"Estimated from the residency roster published by the program. No official program-level MD/DO/IMG composition statistic was available. Percentages are a best estimate based on identifiable resident medical schools and/or degree designations shown on the roster, and may be incomplete where resident background is not published.",False,
1801100002,RISE-NEURO-0046,Florida International University/Baptist Health Program,Florida International University (Herbert Wertheim College of Medicine) with Baptist Health South Florida,Miami,FL,P1-RISE-ALEJANDRA-NEURO-FL-OPUS5-008,YES,8,8,0,6,0,2,1,1,0,75.0,0.0,25.0,12.5,100.0,AY2026-2027,ROSTER_DERIVED_ESTIMATE,False,CLASSIFIED_RESIDENTS,True,"Per-resident classification from the program's own published roster using institution-based rules only (school string and, where published, degree suffix). Puerto Rico LCME schools classify as US_MD. Caribbean is an IMG subtype. No inference from any person's name, ethnicity, language or nationality.",HIGH,"Estimated from the residency roster published by the program. No official program-level MD/DO/IMG composition statistic was available. Percentages are a best estimate based on identifiable resident medical schools and/or degree designations shown on the roster, and may be incomplete where resident background is not published.",True,https://medicine.fiu.edu/academics/residencies-and-fellowships/neurology-residency-bhsf/residents/
1801100003,RISE-NEURO-0135,Orlando Health Program (Adult Neurology),Orlando Health,Orlando,FL,P1-RISE-ALEJANDRA-NEURO-FL-OPUS5-008,YES,9,8,1,2,3,3,0,3,1,25.0,37.5,37.5,0.0,88.9,AY2025-26 (the live page has not been refreshed for AY2026-27; its content is identical to the 2026-02-17 Wayback snapshot),ROSTER_DERIVED_ESTIMATE,False,CLASSIFIED_RESIDENTS,True,"Per-resident classification from the program's own published roster using institution-based rules only (school string and, where published, degree suffix). Puerto Rico LCME schools classify as US_MD. Caribbean is an IMG subtype. No inference from any person's name, ethnicity, language or nationality.",MEDIUM,"Estimated from the residency roster published by the program. No official program-level MD/DO/IMG composition statistic was available. Percentages are a best estimate based on identifiable resident medical schools and/or degree designations shown on the roster, and may be incomplete where resident background is not published.",True,https://web.archive.org/web/20230325112354/https://www.orlandohealth.com/medical-professionals/graduate-medical-education/residency-programs/neurology-residency/people/residents/zisan-akcaag;https://web.archive.org/web/20230922124050/https://www.orlandohealth.com/medical-professionals/graduate-medical-education/residency-programs/neurology-residency/people/residents/christine-ochoa;https://web.archive.org/web/20230929080248/https://www.orlandohealth.com/medical-professionals/graduate-medical-education/residency-programs/neurology-residency/people/residents/brandon-donley;https://web.archive.org/web/20240916104219/https://www.orlandohealth.com/medical-professionals/graduate-medical-education/residency-programs/neurology-residency/people/residents/raneem-maqsood;https://web.archive.org/web/20250210185443/https://www.orlandohealth.com/medical-professionals/graduate-medical-education/residen
1801100004,RISE-NEURO-0015,Broward Health Program (Adult Neurology); the program styles itself the 'Broward Health North Program' and the 'Broward Health Neurology Residency Program',"Broward Health (North Broward Hospital District) - sponsoring institution, Fort Lauderdale; Broward Health North, Deerfield Beach - primary teaching site",Deerfield Beach,FL,P1-RISE-ALEJANDRA-NEURO-FL-OPUS5-008,YES,9,9,0,0,1,8,3,5,0,0.0,11.1,88.9,33.3,100.0,AY2026-2027,ROSTER_DERIVED_ESTIMATE,False,CLASSIFIED_RESIDENTS,True,"Per-resident classification from the program's own published roster using institution-based rules only (school string and, where published, degree suffix). Puerto Rico LCME schools classify as US_MD. Caribbean is an IMG subtype. No inference from any person's name, ethnicity, language or nationality.",HIGH,"Estimated from the residency roster published by the program. No official program-level MD/DO/IMG composition statistic was available. Percentages are a best estimate based on identifiable resident medical schools and/or degree designations shown on the roster, and may be incomplete where resident background is not published.",True,https://www.browardhealth.org/gme/training-programs/residency/neurology/residents
1801100005,RISE-NEURO-0056,"HCA Florida Healthcare/Kendall Hospital Program - Neurology Residency Program, HCA Florida Kendall Hospital","HCA Florida Kendall Hospital (sponsored by HCA Florida Healthcare / HCA Healthcare East FL Division GME, institution code 2232)",Miami,FL,P1-RISE-ALEJANDRA-NEURO-FL-OPUS5-008,YES,0,0,0,0,0,0,0,0,0,,,,,,AY2026-27,ROSTER_DERIVED_ESTIMATE,False,CLASSIFIED_RESIDENTS,True,"Per-resident classification from the program's own published roster using institution-based rules only (school string and, where published, degree suffix). Puerto Rico LCME schools classify as US_MD. Caribbean is an IMG subtype. No inference from any person's name, ethnicity, language or nationality.",NONE_NO_ROSTER,"Estimated from the residency roster published by the program. No official program-level MD/DO/IMG composition statistic was available. Percentages are a best estimate based on identifiable resident medical schools and/or degree designations shown on the roster, and may be incomplete where resident background is not published.",False,
1801100008,RISE-NEURO-0002,AdventHealth Orlando Neurology Residency Program (registry: 'AdventHealth Florida Program'),AdventHealth Florida (ACGME sponsoring institution); AdventHealth Orlando (ACGME institution and FREIDA primary teaching site); clinically based at the AdventHealth Neuroscience Institute,Orlando,FL,P1-RISE-ALEJANDRA-NEURO-FL-OPUS5-008,YES,0,0,0,0,0,0,0,0,0,,,,,,,ROSTER_DERIVED_ESTIMATE,False,CLASSIFIED_RESIDENTS,True,"Per-resident classification from the program's own published roster using institution-based rules only (school string and, where published, degree suffix). Puerto Rico LCME schools classify as US_MD. Caribbean is an IMG subtype. No inference from any person's name, ethnicity, language or nationality.",NONE_NO_ROSTER,"Estimated from the residency roster published by the program. No official program-level MD/DO/IMG composition statistic was available. Percentages are a best estimate based on identifiable resident medical schools and/or degree designations shown on the roster, and may be incomplete where resident background is not published.",False,
1801100155,RISE-NEURO-0196,University of Central Florida/HCA Florida Healthcare (Greater Orlando/Osceola) Program - Adult Neurology,University of Central Florida/HCA Florida Healthcare GME Consortium (ACGME Sponsoring Institution); primary teaching site HCA Florida Osceola Hospital,Kissimmee,FL,P1-RISE-ALEJANDRA-NEURO-FL-OPUS5-008,YES,0,0,0,0,0,0,0,0,0,,,,,,,ROSTER_DERIVED_ESTIMATE,False,CLASSIFIED_RESIDENTS,True,"Per-resident classification from the program's own published roster using institution-based rules only (school string and, where published, degree suffix). Puerto Rico LCME schools classify as US_MD. Caribbean is an IMG subtype. No inference from any person's name, ethnicity, language or nationality.",NONE_NO_ROSTER,"Estimated from the residency roster published by the program. No official program-level MD/DO/IMG composition statistic was available. Percentages are a best estimate based on identifiable resident medical schools and/or degree designations shown on the roster, and may be incomplete where resident background is not published.",False,
1801100156,RISE-NEURO-0080,Larkin Community Hospital Program,"Larkin Community Hospital (Larkin Health System), South Miami Campus",South Miami,FL,P1-RISE-ALEJANDRA-NEURO-FL-OPUS5-008,YES,16,16,0,0,0,16,0,16,0,0.0,0.0,100.0,0.0,100.0,AY2026-27,ROSTER_DERIVED_ESTIMATE,False,CLASSIFIED_RESIDENTS,True,"Per-resident classification from the program's own published roster using institution-based rules only (school string and, where published, degree suffix). Puerto Rico LCME schools classify as US_MD. Caribbean is an IMG subtype. No inference from any person's name, ethnicity, language or nationality.",HIGH,"Estimated from the residency roster published by the program. No official program-level MD/DO/IMG composition statistic was available. Percentages are a best estimate based on identifiable resident medical schools and/or degree designations shown on the roster, and may be incomplete where resident background is not published.",True,https://www.graduatemedicaleducation.org/our-residents-neurology/
1801100157,RISE-NEURO-0045,Florida Atlantic University Charles E. Schmidt College of Medicine Program — Neurology,Florida Atlantic University Charles E. Schmidt College of Medicine,Boca Raton,FL,P1-RISE-ALEJANDRA-NEURO-FL-OPUS5-008,YES,12,12,0,2,4,6,5,1,0,16.7,33.3,50.0,41.7,100.0,2025/2026,ROSTER_DERIVED_ESTIMATE,False,CLASSIFIED_RESIDENTS,True,"Per-resident classification from the program's own published roster using institution-based rules only (school string and, where published, degree suffix). Puerto Rico LCME schools classify as US_MD. Caribbean is an IMG subtype. No inference from any person's name, ethnicity, language or nationality.",HIGH,"Estimated from the residency roster published by the program. No official program-level MD/DO/IMG composition statistic was available. Percentages are a best estimate based on identifiable resident medical schools and/or degree designations shown on the roster, and may be incomplete where resident background is not published.",True,https://www.fau.edu/medicine/gme/residency-fellowship/neurology/residents/
1801100158,RISE-NEURO-0079,Larkin Community Hospital Palm Springs Campus Program,Larkin Community Hospital Palm Springs Campus,Hialeah,FL,P1-RISE-ALEJANDRA-NEURO-FL-OPUS5-008,YES,16,0,16,0,0,0,0,0,16,,,,,0.0,AY2025-2026 as published September 2026,ROSTER_DERIVED_ESTIMATE,False,CLASSIFIED_RESIDENTS,True,"Per-resident classification from the program's own published roster using institution-based rules only (school string and, where published, degree suffix). Puerto Rico LCME schools classify as US_MD. Caribbean is an IMG subtype. No inference from any person's name, ethnicity, language or nationality.",LOW,"Estimated from the residency roster published by the program. No official program-level MD/DO/IMG composition statistic was available. Percentages are a best estimate based on identifiable resident medical schools and/or degree designations shown on the roster, and may be incomplete where resident background is not published.",False,https://www.graduatemedicaleducation.org/our-residents-neurology-psc/
1801100159,RISE-NEURO-0109,Memorial Healthcare System (Hollywood Florida) Program,Memorial Healthcare System / South Broward Hospital District,Hollywood,FL,P1-RISE-ALEJANDRA-NEURO-FL-OPUS5-008,YES,16,16,0,3,11,2,0,2,0,18.8,68.8,12.5,0.0,100.0,AY2025-2026 as published (PGY-4 labelled Class of 2026); one cycle behind as of September 2026,ROSTER_DERIVED_ESTIMATE,False,CLASSIFIED_RESIDENTS,True,"Per-resident classification from the program's own published roster using institution-based rules only (school string and, where published, degree suffix). Puerto Rico LCME schools classify as US_MD. Caribbean is an IMG subtype. No inference from any person's name, ethnicity, language or nationality.",HIGH,"Estimated from the residency roster published by the program. No official program-level MD/DO/IMG composition statistic was available. Percentages are a best estimate based on identifiable resident medical schools and/or degree designations shown on the roster, and may be incomplete where resident background is not published.",True,https://www.mhs.net/education/graduate-medical-education/residency-and-fellowship-programs/neurology-residency/residents
1801100160,RISE-NEURO-0136,Palmetto General Hospital Program,Palmetto General Hospital (Sponsoring Institution; operated by Healthcare Systems of America since approximately September 2024),Hialeah,FL,P1-RISE-ALEJANDRA-NEURO-FL-OPUS5-008,YES,0,0,0,0,0,0,0,0,0,,,,,,,ROSTER_DERIVED_ESTIMATE,False,CLASSIFIED_RESIDENTS,True,"Per-resident classification from the program's own published roster using institution-based rules only (school string and, where published, degree suffix). Puerto Rico LCME schools classify as US_MD. Caribbean is an IMG subtype. No inference from any person's name, ethnicity, language or nationality.",NONE_NO_ROSTER,"Estimated from the residency roster published by the program. No official program-level MD/DO/IMG composition statistic was available. Percentages are a best estimate based on identifiable resident medical schools and/or degree designations shown on the roster, and may be incomplete where resident background is not published.",False,
1801112154,RISE-NEURO-0203,University of Florida College of Medicine Jacksonville Program - Neurology,University of Florida College of Medicine - Jacksonville,Jacksonville,FL,P1-RISE-ALEJANDRA-NEURO-FL-OPUS5-008,YES,12,9,3,2,6,1,0,1,3,22.2,66.7,11.1,0.0,75.0,AY2026-2027,ROSTER_DERIVED_ESTIMATE,False,CLASSIFIED_RESIDENTS,True,"Per-resident classification from the program's own published roster using institution-based rules only (school string and, where published, degree suffix). Puerto Rico LCME schools classify as US_MD. Caribbean is an IMG subtype. No inference from any person's name, ethnicity, language or nationality.",MEDIUM,"Estimated from the residency roster published by the program. No official program-level MD/DO/IMG composition statistic was available. Percentages are a best estimate based on identifiable resident medical schools and/or degree designations shown on the roster, and may be incomplete where resident background is not published.",True,https://neurology.med.jax.ufl.edu/education/neurology-residency/residents/;https://web.archive.org/web/20260316113504/https://neurology.med.jax.ufl.edu/education/neurology-residency/residents/
1801113148,RISE-NEURO-0095,Mayo Clinic College of Medicine and Science (Jacksonville) Program - Adult Neurology Residency (Florida),Mayo Clinic College of Medicine and Science / Mayo Clinic School of Graduate Medical Education - Florida,Jacksonville,FL,P1-RISE-ALEJANDRA-NEURO-FL-OPUS5-008,YES,18,18,0,9,1,8,1,7,0,50.0,5.6,44.4,5.6,100.0,"AY2026-27 (classes of 2027, 2028, 2029)",ROSTER_DERIVED_ESTIMATE,False,CLASSIFIED_RESIDENTS,True,"Per-resident classification from the program's own published roster using institution-based rules only (school string and, where published, degree suffix). Puerto Rico LCME schools classify as US_MD. Caribbean is an IMG subtype. No inference from any person's name, ethnicity, language or nationality.",HIGH,"Estimated from the residency roster published by the program. No official program-level MD/DO/IMG composition statistic was available. Percentages are a best estimate based on identifiable resident medical schools and/or degree designations shown on the roster, and may be incomplete where resident background is not published.",True,https://college.mayo.edu/academics/residencies-and-fellowships/adult-neurology-residency-florida/meet-our-trainees/
1801121025,RISE-NEURO-0205,"University of Florida Program (UF Neurology Residency), Gainesville",University of Florida College of Medicine / UF Health Shands Hospital,Gainesville,FL,P1-RISE-ALEJANDRA-NEURO-FL-OPUS5-008,YES,32,31,1,15,12,4,0,4,1,48.4,38.7,12.9,0.0,96.9,2026-2027,ROSTER_DERIVED_ESTIMATE,False,CLASSIFIED_RESIDENTS,True,"Per-resident classification from the program's own published roster using institution-based rules only (school string and, where published, degree suffix). Puerto Rico LCME schools classify as US_MD. Caribbean is an IMG subtype. No inference from any person's name, ethnicity, language or nationality.",HIGH,"Estimated from the residency roster published by the program. No official program-level MD/DO/IMG composition statistic was available. Percentages are a best estimate based on identifiable resident medical schools and/or degree designations shown on the roster, and may be incomplete where resident background is not published.",True,https://neurology.ufl.edu/profile/beskow-christopher;https://neurology.ufl.edu/profile/bettarelli-douglas;https://neurology.ufl.edu/profile/campbell-maryellen;https://neurology.ufl.edu/profile/caputo-johnna;https://neurology.ufl.edu/profile/carter-steven;https://neurology.ufl.edu/profile/coello-angelica;https://neurology.ufl.edu/profile/crawford-scott;https://neurology.ufl.edu/profile/desilva-ginige-sashinya-nishka;https://neurology.ufl.edu/profile/edwards-sebastian;https://neurology.ufl.edu/profile/garrison-michaele;https://neurology.ufl.edu/profile/glueck-edwin;https://neurology.ufl.edu/profile/kapitonava-anastasia;https://neurology.ufl.edu/profile/klaus-stephen;https://neurology.ufl.edu/profile/le-lindsey;https://neurology.ufl.edu/profile/leone-emma;https://neurology.ufl.edu/profile/li-xiaojun;https://neurology.ufl.edu/profile/lockwood-delaney;https://neurology.ufl.edu/profile/marino-
1801121026,RISE-NEURO-0216,University of Miami/Jackson Health System Program,University of Miami Leonard M. Miller School of Medicine / Jackson Health System,Miami,FL,P1-RISE-ALEJANDRA-NEURO-FL-OPUS5-008,YES,48,3,45,0,3,0,0,0,45,0.0,100.0,0.0,0.0,6.2,2025-2026,ROSTER_DERIVED_ESTIMATE,False,CLASSIFIED_RESIDENTS,True,"Per-resident classification from the program's own published roster using institution-based rules only (school string and, where published, degree suffix). Puerto Rico LCME schools classify as US_MD. Caribbean is an IMG subtype. No inference from any person's name, ethnicity, language or nationality.",LOW,"Estimated from the residency roster published by the program. No official program-level MD/DO/IMG composition statistic was available. Percentages are a best estimate based on identifiable resident medical schools and/or degree designations shown on the roster, and may be incomplete where resident background is not published.",True,https://med.miami.edu/departments/neurology/education/neurology-residency-program/current-residents
1801121027,RISE-NEURO-0240,University of South Florida Morsani Program - Adult Neurology Residency,University of South Florida Morsani College of Medicine,Tampa,FL,P1-RISE-ALEJANDRA-NEURO-FL-OPUS5-008,YES,35,20,15,13,7,0,0,0,15,65.0,35.0,0.0,0.0,57.1,AY2026-2027,ROSTER_DERIVED_ESTIMATE,False,CLASSIFIED_RESIDENTS,True,"Per-resident classification from the program's own published roster using institution-based rules only (school string and, where published, degree suffix). Puerto Rico LCME schools classify as US_MD. Caribbean is an IMG subtype. No inference from any person's name, ethnicity, language or nationality.",MEDIUM,"Estimated from the residency roster published by the program. No official program-level MD/DO/IMG composition statistic was available. Percentages are a best estimate based on identifiable resident medical schools and/or degree designations shown on the roster, and may be incomplete where resident background is not published.",True,https://health.usf.edu/medicine/neurology/residency/2025/;https://health.usf.edu/medicine/neurology/residency/2026/;https://health.usf.edu/medicine/neurology/residency/2027/;https://health.usf.edu/medicine/neurology/residency/2028/;https://web.archive.org/web/20250429113628/https://health.usf.edu/medicine/neurology/residency/2027/
1801122152,RISE-NEURO-0030,Cleveland Clinic Foundation/Florida Weston Program (self-described as the Cleveland Clinic Florida Neurology Residency Program),Cleveland Clinic Florida / Cleveland Clinic Weston Hospital,Weston,FL,P1-RISE-ALEJANDRA-NEURO-FL-OPUS5-008,YES,10,10,0,3,2,5,0,5,0,30.0,20.0,50.0,0.0,100.0,"Academic year 2025-2026 as published (Classes of 2026, 2027 and 2028). Not yet rolled over for AY2026-2027 as of 2026-09-12.",ROSTER_DERIVED_ESTIMATE,False,CLASSIFIED_RESIDENTS,True,"Per-resident classification from the program's own published roster using institution-based rules only (school string and, where published, degree suffix). Puerto Rico LCME schools classify as US_MD. Caribbean is an IMG subtype. No inference from any person's name, ethnicity, language or nationality.",HIGH,"Estimated from the residency roster published by the program. No official program-level MD/DO/IMG composition statistic was available. Percentages are a best estimate based on identifiable resident medical schools and/or degree designations shown on the roster, and may be incomplete where resident background is not published.",True,https://my.clevelandclinic.org/florida/medical-professionals/education/graduate-medical-education/neurology-residency
